name,age,gender,email
Far Penn,43,M,fpenn0@ihg.com
Jennica Harsnipe,54,M,jharsnipe1@squidoo.com
Ellswerth Gration,21,F,egration2@google.com.hk
Babb Kilalea,82,F,bkilalea3@mediafire.com
Rivkah Cawse,89,M,rcawse4@oakley.com
Martita Starcks,14,M,mstarcks5@desdev.cn
Edyth Jeannaud,11,M,ejeannaud6@desdev.cn
Donal Colisbe,62,M,dcolisbe7@slideshare.net
Karlis Wemes,12,M,kwemes8@xing.com
Magdalena Alfonsetti,24,F,malfonsetti9@de.vu
Berna Placido,96,F,bplacidoa@t.co
Jabez Footer,10,M,jfooterb@unicef.org
Giuseppe O'Hagirtie,79,M,gohagirtiec@ask.com
Lilli McBeith,79,M,lmcbeithd@accuweather.com
Kim Gillebert,39,M,kgilleberte@businesswire.com
Binky Lack,72,M,blackf@go.com
Jose Huby,28,M,jhubyg@samsung.com
Cassaundra Woollett,92,F,cwoolletth@nba.com
Ignazio Ingamells,34,F,iingamellsi@netlog.com
Tybie Aulton,32,F,taultonj@typepad.com
Konrad Evanson,33,F,kevansonk@examiner.com
Nisse Moyne,96,F,nmoynel@hhs.gov
Vannie Frane,61,F,vfranem@w3.org
Jake Wixon,95,M,jwixonn@photobucket.com
Haze Grenkov,40,M,hgrenkovo@usatoday.com
Vyky Robichon,33,F,vrobichonp@cbsnews.com
Molly Treweek,2,M,mtreweekq@wordpress.com
Norbie Dubery,56,F,nduberyr@gravatar.com
Pebrook Raveau,80,M,praveaus@devhub.com
Nicoline Monksfield,96,M,nmonksfieldt@last.fm
Alexei Savin,65,F,asavinu@google.pl
Cori Markel,65,M,cmarkelv@bluehost.com
Pepillo Dryburgh,11,F,pdryburghw@oaic.gov.au
Kimball Syratt,63,F,ksyrattx@google.com
Moina Pere,63,F,mperey@redcross.org
Merrili Grimsdale,38,M,mgrimsdalez@cloudflare.com
Antoine Checcuzzi,21,M,acheccuzzi10@mozilla.org
Tabbatha Killik,18,F,tkillik11@w3.org
Birgit Pember,78,M,bpember12@smh.com.au
Joachim Heathcote,63,F,jheathcote13@noaa.gov
Nicolina Breheny,26,M,nbreheny14@reuters.com
Corri Tschiersch,41,M,ctschiersch15@usnews.com
Margarethe Bawdon,69,F,mbawdon16@wikipedia.org
Annabela Praundl,76,F,apraundl17@ustream.tv
Gerik Magarrell,58,M,gmagarrell18@weibo.com
Onofredo Thomas,48,F,othomas19@over-blog.com
Aubree Paolillo,77,M,apaolillo1a@joomla.org
Chaunce Aldie,45,M,caldie1b@networkadvertising.org
Sydel Rubi,22,M,srubi1c@jigsy.com
Jerrie Colliber,27,F,jcolliber1d@springer.com
Dagmar Bruins,2,F,dbruins1e@pbs.org
Piggy Adame,90,F,padame1f@bandcamp.com
Deck Harriot,9,M,dharriot1g@cdbaby.com
Verne Bennell,71,F,vbennell1h@cmu.edu
Nari Como,61,F,ncomo1i@berkeley.edu
Salomon Osgerby,84,M,sosgerby1j@desdev.cn
Thain Muslim,89,F,tmuslim1k@nyu.edu
Margaret Pashbee,86,F,mpashbee1l@sun.com
Dario Loiterton,74,F,dloiterton1m@elegantthemes.com
Teodoro Ortiga,77,F,tortiga1n@a8.net
Mirabel Buxam,69,F,mbuxam1o@patch.com
Tybie McManamon,66,M,tmcmanamon1p@ihg.com
Thedric Presdee,77,M,tpresdee1q@furl.net
Jacob Andrich,65,M,jandrich1r@dmoz.org
Clayton Henrie,33,F,chenrie1s@privacy.gov.au
Donielle Tillard,35,M,dtillard1t@goo.gl
Rodger Tovey,87,M,rtovey1u@rakuten.co.jp
Cathi Melville,75,F,cmelville1v@usgs.gov
Maureen Butfield,19,F,mbutfield1w@g.co
Bebe Casburn,56,F,bcasburn1x@ft.com
Arron Craw,38,F,acraw1y@arizona.edu
Colet Bierman,39,F,cbierman1z@cdbaby.com
Meagan Mitie,47,F,mmitie20@devhub.com
Klarrisa Van Dijk,50,F,kvan21@cbsnews.com
Nancie Jakubiak,37,M,njakubiak22@rediff.com
Madison Crambie,4,F,mcrambie23@ameblo.jp
Dyan Roja,48,M,droja24@princeton.edu
Winifield Wilkins,75,M,wwilkins25@fc2.com
Meredithe Perago,8,F,mperago26@army.mil
Mark Souness,17,M,msouness27@nhs.uk
Gerri Mockler,87,F,gmockler28@fc2.com
Gavan Crommett,1,M,gcrommett29@earthlink.net
Korrie Quartermaine,61,M,kquartermaine2a@boston.com
Nedda Spain-Gower,39,M,nspaingower2b@csmonitor.com
Coretta Wiggett,52,F,cwiggett2c@blinklist.com
Lee Skryne,70,F,lskryne2d@technorati.com
Uri Doldon,95,M,udoldon2e@histats.com
Mychal Bertrand,18,M,mbertrand2f@yahoo.com
Jolyn Ritchard,85,M,jritchard2g@comsenz.com
Jeremias Vowells,88,M,jvowells2h@amazon.com
Cassey Mival,23,F,cmival2i@slideshare.net
Concettina Demaid,40,F,cdemaid2j@amazon.com
Ora Madrell,89,F,omadrell2k@netvibes.com
Vinnie Zanni,73,F,vzanni2l@nytimes.com
Derrick Canario,9,F,dcanario2m@weibo.com
Clim Bew,92,M,cbew2n@rambler.ru
Elie Yvon,34,M,eyvon2o@army.mil
Hersch McInally,15,M,hmcinally2p@shinystat.com
Obidiah Pinock,77,M,opinock2q@illinois.edu
Lorenzo Itschakov,75,M,litschakov2r@stumbleupon.com
Shantee Norwood,23,F,snorwood2s@miibeian.gov.cn
Idell Wardale,50,M,iwardale2t@bluehost.com
Kori Polson,92,F,kpolson2u@wordpress.org
Isahella D'Andrea,8,F,idandrea2v@1688.com
Yuri Scatchard,91,F,yscatchard2w@clickbank.net
Randall Hablet,76,M,rhablet2x@vinaora.com
Kenneth Joselin,70,M,kjoselin2y@hugedomains.com
Wilhelm Pote,13,F,wpote2z@latimes.com
Hinda Gemlbett,8,F,hgemlbett30@plala.or.jp
Dov Kinnane,85,F,dkinnane31@google.cn
Allayne Cisland,77,M,acisland32@independent.co.uk
Miquela Langthorne,93,F,mlangthorne33@ibm.com
Meagan Jovovic,36,F,mjovovic34@theguardian.com
Zonda Hakking,94,M,zhakking35@mashable.com
Lemmie Thrift,75,M,lthrift36@telegraph.co.uk
Meagan Harbord,35,M,mharbord37@noaa.gov
Pen Sabater,3,F,psabater38@livejournal.com
Pedro Fawkes,10,F,pfawkes39@europa.eu
Lola Beswetherick,14,M,lbeswetherick3a@jimdo.com
Belvia Norbury,63,F,bnorbury3b@nature.com
Jewel Sweating,32,F,jsweating3c@comcast.net
Adolpho Bolduc,82,M,abolduc3d@go.com
Linell Grigorini,85,F,lgrigorini3e@typepad.com
Nonnah Keston,46,M,nkeston3f@wikipedia.org
Prissie Grishagin,97,M,pgrishagin3g@over-blog.com
Debra Camm,75,F,dcamm3h@ow.ly
Jennilee Di Iorio,81,F,jdi3i@youtu.be
Bianca Dmitrievski,34,F,bdmitrievski3j@newyorker.com
Ronna Wornham,65,M,rwornham3k@businessinsider.com
Allx Hansley,51,F,ahansley3l@intel.com
Rosanne Allman,22,M,rallman3m@wikispaces.com
Aggy Spuffard,39,F,aspuffard3n@fc2.com
Rana Degue,70,M,rdegue3o@odnoklassniki.ru
Allistir Dudding,37,F,adudding3p@arizona.edu
Benn Knowlson,100,F,bknowlson3q@bloomberg.com
Jordanna Evason,67,M,jevason3r@usatoday.com
Grant Lambirth,80,M,glambirth3s@nhs.uk
Pansie Stamps,79,F,pstamps3t@i2i.jp
Jeanette Johnstone,12,M,jjohnstone3u@mtv.com
Marchelle Adriaens,33,F,madriaens3v@dion.ne.jp
Marcille Larrington,34,M,mlarrington3w@independent.co.uk
Mommy Piscopiello,75,M,mpiscopiello3x@shop-pro.jp
Sherwynd Loxdale,3,M,sloxdale3y@forbes.com
Andras Pipkin,77,F,apipkin3z@wikipedia.org
Christal Humblestone,54,F,chumblestone40@a8.net
Jaime Ragless,75,F,jragless41@printfriendly.com
Fidela Cluer,84,M,fcluer42@columbia.edu
Ichabod Osmar,90,F,iosmar43@cnn.com
Greta Zellick,44,M,gzellick44@dion.ne.jp
Oona Kinnerk,43,M,okinnerk45@ted.com
Gillan Hawkins,43,M,ghawkins46@scientificamerican.com
Rodrigo Keyes,98,M,rkeyes47@google.es
Rodi Gerrell,15,F,rgerrell48@w3.org
Vladimir Sherborne,94,F,vsherborne49@wordpress.org
Ramon Simoni,88,M,rsimoni4a@independent.co.uk
Cecilla Huster,18,M,chuster4b@marketwatch.com
Suzette Brose,92,M,sbrose4c@sun.com
Teriann Zapater,83,F,tzapater4d@seesaa.net
Amerigo Simonelli,18,M,asimonelli4e@homestead.com
Tom Autie,47,M,tautie4f@hexun.com
Cart De Carteret,94,M,cde4g@slideshare.net
Thatcher Smither,54,F,tsmither4h@123-reg.co.uk
Desiri Cheng,28,F,dcheng4i@wikimedia.org
Filia Wright,85,F,fwright4j@loc.gov
Jeramey Swainston,41,F,jswainston4k@storify.com
Mack Openshaw,40,F,mopenshaw4l@ox.ac.uk
Iolanthe Babidge,100,F,ibabidge4m@stumbleupon.com
Edan Relph,70,F,erelph4n@google.de
Amil Germon,45,F,agermon4o@ftc.gov
Janka Amburgy,26,F,jamburgy4p@oakley.com
Ardenia Teasell,84,M,ateasell4q@unicef.org
Lyndel Farries,70,M,lfarries4r@house.gov
Amalie Maddock,8,M,amaddock4s@de.vu
Marlene Davidovsky,49,M,mdavidovsky4t@mozilla.org
Addy Callan,73,F,acallan4u@census.gov
Waylon Shilton,11,F,wshilton4v@engadget.com
Valerye MacCardle,76,M,vmaccardle4w@merriam-webster.com
Faina Arnli,1,F,farnli4x@jimdo.com
Isadore Lanceter,93,F,ilanceter4y@delicious.com
Lexy Minghella,43,F,lminghella4z@digg.com
Candis Whistlecraft,61,M,cwhistlecraft50@google.it
Nanci Saterthwait,95,M,nsaterthwait51@github.com
Michaeline Potteridge,14,F,mpotteridge52@howstuffworks.com
Elicia Tilly,96,F,etilly53@berkeley.edu
Tanny Leggott,36,F,tleggott54@4shared.com
Belita Rosengart,8,M,brosengart55@wordpress.com
Thurstan Bigmore,2,F,tbigmore56@timesonline.co.uk
Mano Castaignet,76,M,mcastaignet57@goodreads.com
Hendrick Keuning,9,M,hkeuning58@ask.com
Benito Le Brom,13,F,ble59@nymag.com
Flossie Ferfulle,44,M,fferfulle5a@bravesites.com
Bethanne De Castri,35,M,bde5b@deliciousdays.com
Craig Eakley,81,F,ceakley5c@about.me
Marshall Powys,60,F,mpowys5d@tmall.com
Torrance Vater,80,F,tvater5e@boston.com
Leeanne Lamperd,45,M,llamperd5f@shop-pro.jp
Perle MacTrusty,9,M,pmactrusty5g@scribd.com
Mary Le Marquis,51,M,mle5h@sbwire.com
Nevins Jachimak,34,F,njachimak5i@independent.co.uk
Tallulah McCay,20,F,tmccay5j@oaic.gov.au
Dusty Spooner,19,M,dspooner5k@umn.edu
Klement Bitchener,64,M,kbitchener5l@ibm.com
Nanny Gofton,63,F,ngofton5m@exblog.jp
Betteanne Sketchley,31,F,bsketchley5n@squarespace.com
Beatriz Charlick,65,M,bcharlick5o@purevolume.com
Arleyne Ruperto,97,F,aruperto5p@edublogs.org
Corie Baddiley,92,F,cbaddiley5q@wisc.edu
Nikaniki Haskur,14,M,nhaskur5r@about.me
Vanny Bradd,87,F,vbradd5s@goodreads.com
Jarrad Di Biasio,57,M,jdi5t@sphinn.com
Remy Sindall,88,M,rsindall5u@seesaa.net
Filberto Gillum,31,F,fgillum5v@twitpic.com
Hyatt Vettore,66,M,hvettore5w@shinystat.com
Devan Glossop,8,F,dglossop5x@dedecms.com
Tommy Catterell,93,F,tcatterell5y@berkeley.edu
Catlee Bursnoll,69,F,cbursnoll5z@yelp.com
Kali Hillitt,79,M,khillitt60@canalblog.com
Fara Bowra,92,F,fbowra61@pcworld.com
Alexia Egginson,57,M,aegginson62@fema.gov
Dulciana Daysh,20,F,ddaysh63@pcworld.com
Martelle Sunners,87,F,msunners64@com.com
Stefa Millhouse,39,F,smillhouse65@paginegialle.it
Nicola Elizabeth,11,F,nelizabeth66@vinaora.com
Tuesday Nesbit,51,M,tnesbit67@tinypic.com
Flor Gallo,56,M,fgallo68@geocities.com
Rhianna Nettle,48,M,rnettle69@jalbum.net
Jeffy Coleman,42,F,jcoleman6a@marriott.com
Jens Fazakerley,67,M,jfazakerley6b@spotify.com
Janaya Mityashev,72,M,jmityashev6c@paginegialle.it
Sydelle Wasson,31,M,swasson6d@telegraph.co.uk
Marten Hewlings,11,F,mhewlings6e@abc.net.au
Lamar Portugal,52,M,lportugal6f@youtube.com
Yovonnda Wreath,95,F,ywreath6g@gizmodo.com
Homere Bende,67,M,hbende6h@amazon.de
Kristoffer Gunda,80,M,kgunda6i@amazon.co.jp
Addy Kydd,59,M,akydd6j@boston.com
Tabby Clail,52,M,tclail6k@theglobeandmail.com
Waly Locker,86,M,wlocker6l@amazon.de
Lilla Flag,76,F,lflag6m@tiny.cc
Trista Guerriero,81,F,tguerriero6n@macromedia.com
Winnah Marqyes,37,M,wmarqyes6o@slashdot.org
Ellyn Heliar,16,M,eheliar6p@miibeian.gov.cn
Zsa zsa Vicent,96,M,zzsa6q@goo.ne.jp
Leonhard Shrawley,70,M,lshrawley6r@hao123.com
Jacquie Poulden,16,M,jpoulden6s@google.com.hk
Teddie Seeley,94,F,tseeley6t@github.io
Rustie Nosworthy,36,M,rnosworthy6u@businessinsider.com
Ilse Fyrth,79,F,ifyrth6v@thetimes.co.uk
Auberon Gradly,1,M,agradly6w@joomla.org
Quinlan Hendricks,49,F,qhendricks6x@foxnews.com
Tiebout Coning,49,M,tconing6y@home.pl
Johann Milne,10,F,jmilne6z@nasa.gov
Geralda Swadlinge,20,F,gswadlinge70@independent.co.uk
Ruttger Corneliussen,46,F,rcorneliussen71@ed.gov
Albina Grzelczak,29,F,agrzelczak72@ted.com
Tresa Truggian,31,M,ttruggian73@blinklist.com
Dewain MacAfee,86,M,dmacafee74@yale.edu
Daile Drayn,81,F,ddrayn75@tinyurl.com
Luke Allwright,96,F,lallwright76@cyberchimps.com
Elyn Riddall,34,M,eriddall77@hexun.com
Matteo Adamiec,36,F,madamiec78@upenn.edu
Irwinn Beddows,24,M,ibeddows79@cnet.com
Afton Kliner,21,M,akliner7a@biglobe.ne.jp
Andeee Ferronel,45,F,aferronel7b@answers.com
Roley Kildahl,60,F,rkildahl7c@mashable.com
Blane Chipps,92,F,bchipps7d@macromedia.com
Jeniece Ovendale,79,M,jovendale7e@slideshare.net
Kailey McGrah,60,F,kmcgrah7f@ca.gov
Matilde Hebner,59,M,mhebner7g@reference.com
Putnem Wintersgill,30,M,pwintersgill7h@hc360.com
Koren Portch,28,F,kportch7i@odnoklassniki.ru
Allsun McCullough,98,F,amccullough7j@mozilla.org
Alix Aronstam,78,F,aaronstam7k@bloglines.com
Tobey Mosen,43,M,tmosen7l@gravatar.com
Samson Caps,37,M,scaps7m@oakley.com
Rudy Janaszewski,80,F,rjanaszewski7n@shutterfly.com
Glendon Hundley,25,M,ghundley7o@prlog.org
Danna Bushell,16,F,dbushell7p@latimes.com
Wyatt Lardeur,93,F,wlardeur7q@irs.gov
Barbabas Eva,72,M,beva7r@hatena.ne.jp
Karim Dobey,26,M,kdobey7s@geocities.com
Karlotta Wilkisson,68,F,kwilkisson7t@altervista.org
Shelly Kirsche,53,F,skirsche7u@a8.net
Sile Daskiewicz,77,M,sdaskiewicz7v@nytimes.com
Welbie Stanyland,83,F,wstanyland7w@msu.edu
Wallas Kneeland,52,F,wkneeland7x@deviantart.com
Arch Pellant,93,M,apellant7y@cisco.com
Farr Paoli,66,F,fpaoli7z@gnu.org
Jonathan Jahnel,54,F,jjahnel80@studiopress.com
Adriaens Doers,63,M,adoers81@dropbox.com
Stepha Monksfield,9,F,smonksfield82@examiner.com
Arliene Stutter,92,M,astutter83@dyndns.org
Corty Dany,40,M,cdany84@dmoz.org
Jakie Commucci,60,F,jcommucci85@furl.net
Cirillo Ewen,81,F,cewen86@geocities.com
Lilian Liverseege,61,F,lliverseege87@hibu.com
Penn Bodill,46,F,pbodill88@mtv.com
Kyla Macken,83,M,kmacken89@amazon.co.jp
Dyann Loos,26,F,dloos8a@irs.gov
Malinda Mougenel,72,M,mmougenel8b@marriott.com
Pavel Menichelli,46,F,pmenichelli8c@ted.com
Pamela Budgey,85,M,pbudgey8d@ed.gov
Erie Elger,73,M,eelger8e@nyu.edu
Legra Campbell,95,F,lcampbell8f@hhs.gov
Kahlil Crippin,55,F,kcrippin8g@ibm.com
Brand Bamling,73,M,bbamling8h@weibo.com
Malorie Eat,85,M,meat8i@shop-pro.jp
Dulcine Danilishin,94,F,ddanilishin8j@sfgate.com
Nathanael Dimmne,62,F,ndimmne8k@home.pl
Ursuline Emett,41,M,uemett8l@yellowbook.com
Theodosia Bariball,42,M,tbariball8m@seattletimes.com
Sara-ann Sabin,12,M,ssabin8n@smh.com.au
Eveleen Grieswood,10,M,egrieswood8o@narod.ru
Farrah Arboin,80,F,farboin8p@webnode.com
Katharine Lambal,28,M,klambal8q@myspace.com
Gratiana Astlet,8,M,gastlet8r@people.com.cn
Zuzana Eslinger,77,F,zeslinger8s@paypal.com
Isidor O'Shesnan,20,F,ioshesnan8t@alibaba.com
Jaimie Swatten,12,F,jswatten8u@jalbum.net
Cornelia Robeiro,18,F,crobeiro8v@goo.ne.jp
Ellwood Moral,18,F,emoral8w@reference.com
Phylys Banting,29,M,pbanting8x@springer.com
Creigh Hicklingbottom,62,M,chicklingbottom8y@example.com
Caye Henker,44,F,chenker8z@jimdo.com
Kermy Marguerite,31,F,kmarguerite90@reference.com
Garnet Belt,88,M,gbelt91@storify.com
Harvey Trench,51,M,htrench92@istockphoto.com
Pammy Casseldine,5,F,pcasseldine93@va.gov
Lucia Orneles,80,M,lorneles94@elegantthemes.com
Farra Haskett,22,F,fhaskett95@ucoz.com
Crissie Marjanski,51,M,cmarjanski96@mashable.com
Hamilton Winwright,46,F,hwinwright97@printfriendly.com
Ancell Antecki,15,M,aantecki98@odnoklassniki.ru
Ellary Wayt,2,M,ewayt99@earthlink.net
Peyter Walbrun,74,M,pwalbrun9a@sourceforge.net
Kora Lorking,14,F,klorking9b@goo.ne.jp
Richart Harrild,43,F,rharrild9c@java.com
Dermot Myott,6,M,dmyott9d@feedburner.com
Jaimie Fincham,91,F,jfincham9e@scientificamerican.com
Annamaria Toppes,57,M,atoppes9f@weebly.com
Kassia Rickersey,21,F,krickersey9g@istockphoto.com
Lyndsie Calderhead,21,F,lcalderhead9h@wp.com
Shea McRavey,66,M,smcravey9i@washington.edu
Flor Mewhirter,39,F,fmewhirter9j@technorati.com
Gradeigh Tournay,95,F,gtournay9k@toplist.cz
Mattheus Puckinghorne,56,M,mpuckinghorne9l@yale.edu
Thorstein Tuxell,52,M,ttuxell9m@printfriendly.com
Heloise Hakonsson,9,F,hhakonsson9n@nytimes.com
Norma Bugs,58,F,nbugs9o@wikia.com
Deny Behneke,28,F,dbehneke9p@marriott.com
Herve Lanfear,98,M,hlanfear9q@techcrunch.com
Malissia Haresnaip,55,F,mharesnaip9r@hexun.com
Greg Pawle,78,M,gpawle9s@exblog.jp
Jasper Minette,81,M,jminette9t@shop-pro.jp
Ezekiel Danett,9,M,edanett9u@apache.org
Kristina Cape,94,F,kcape9v@ovh.net
Donetta Dunthorn,3,M,ddunthorn9w@phoca.cz
Hermie Bertl,96,F,hbertl9x@disqus.com
Laney Byrch,16,F,lbyrch9y@pagesperso-orange.fr
Brnaba Arminger,57,M,barminger9z@timesonline.co.uk
Bradly Moyler,32,F,bmoylera0@cnn.com
Nadya Anyene,83,F,nanyenea1@prweb.com
Shelli Sycamore,69,F,ssycamorea2@purevolume.com
Boy Dybald,37,M,bdybalda3@1688.com
Loraine Rooke,92,F,lrookea4@bizjournals.com
Oates Dawltrey,85,F,odawltreya5@flickr.com
Susanne Ogglebie,100,M,sogglebiea6@smh.com.au
Rosy Bourchier,60,M,rbourchiera7@miibeian.gov.cn
Ashely Broomhead,65,F,abroomheada8@latimes.com
Andrus Willard,29,M,awillarda9@pen.io
Der Chesters,77,F,dchestersaa@fastcompany.com
Fanechka Branscomb,81,F,fbranscombab@youtu.be
Leontyne Foltin,13,F,lfoltinac@theatlantic.com
Adelind Leythley,4,M,aleythleyad@yellowpages.com
Brittany Acland,78,F,baclandae@meetup.com
Ralf Hubber,62,F,rhubberaf@cdc.gov
Arlee Bosher,30,M,abosherag@aol.com
Kingsley Du Hamel,76,M,kduah@icio.us
Rafaelia Henbury,76,M,rhenburyai@alexa.com
Sid McIlvoray,87,F,smcilvorayaj@blogspot.com
Kimble Cowcha,58,F,kcowchaak@indiatimes.com
Elvyn Ireland,64,M,eirelandal@acquirethisname.com
Frank Buxey,88,F,fbuxeyam@virginia.edu
Sander Scoines,42,M,sscoinesan@cdbaby.com
Der Caff,8,M,dcaffao@dailymotion.com
Pincus Laville,27,M,plavilleap@ucla.edu
Amble Arrigucci,24,F,aarrigucciaq@ftc.gov
Danyelle Scartifield,77,F,dscartifieldar@e-recht24.de
Berry Bremeyer,29,F,bbremeyeras@mail.ru
Ezra Gascard,73,F,egascardat@upenn.edu
Deanne Bayly,62,M,dbaylyau@engadget.com
Gabi Gregorin,50,M,ggregorinav@salon.com
Sybilla State,3,M,sstateaw@go.com
Lyle Ghilardi,17,M,lghilardiax@unblog.fr
Chauncey Tullot,28,F,ctullotay@flavors.me
Sherwin Blankhorn,93,M,sblankhornaz@fotki.com
Jerrine Stit,98,M,jstitb0@seesaa.net
Isa Parades,83,M,iparadesb1@nhs.uk
Lurline Oaker,73,M,loakerb2@google.cn
Klarika Burry,84,F,kburryb3@microsoft.com
Vick Sumpton,62,F,vsumptonb4@miitbeian.gov.cn
Neile Wessing,36,M,nwessingb5@booking.com
Janina Yakhin,42,F,jyakhinb6@opensource.org
Cary Kiddye,95,M,ckiddyeb7@pcworld.com
Helena Kopfer,45,M,hkopferb8@si.edu
Sidoney Gytesham,83,M,sgyteshamb9@a8.net
Annadiana Grave,37,F,agraveba@360.cn
Kathe Painten,14,F,kpaintenbb@opensource.org
Sylvan Alvares,11,M,salvaresbc@admin.ch
Torr Umbers,28,F,tumbersbd@skyrock.com
Wanda Vowden,65,M,wvowdenbe@hexun.com
Nady Shipway,22,F,nshipwaybf@imdb.com
Jared People,91,F,jpeoplebg@nasa.gov
Bond Cosgrive,15,F,bcosgrivebh@etsy.com
Rhett Beak,31,F,rbeakbi@exblog.jp
Abel Codman,26,M,acodmanbj@google.com.br
Elisabetta Poland,40,M,epolandbk@canalblog.com
Maynord Doul,32,M,mdoulbl@ustream.tv
Glynnis Zapater,3,F,gzapaterbm@fc2.com
Gerrie Droghan,4,F,gdroghanbn@uiuc.edu
Roby Jannex,75,M,rjannexbo@posterous.com
Cyndie Bonsale,55,F,cbonsalebp@java.com
Flo Dorant,68,M,fdorantbq@devhub.com
Lillis Armell,58,M,larmellbr@craigslist.org
Oneida Kristof,40,M,okristofbs@princeton.edu
Janessa Hendron,60,F,jhendronbt@timesonline.co.uk
Abigael Le Teve,89,F,alebu@dedecms.com
Mariette Uzzell,6,M,muzzellbv@infoseek.co.jp
Kenneth Trood,3,F,ktroodbw@pcworld.com
Carlyn Ventam,28,M,cventambx@wp.com
Cally Lafferty,17,M,claffertyby@army.mil
Inger Goodday,68,M,igooddaybz@army.mil
Stacy Kempston,97,F,skempstonc0@baidu.com
Bessie Konmann,89,F,bkonmannc1@thetimes.co.uk
Lyon Simpson,64,M,lsimpsonc2@behance.net
Frances Lammie,98,M,flammiec3@gravatar.com
Paulette Rennie,60,F,prenniec4@stanford.edu
Jaime McCoveney,90,M,jmccoveneyc5@reuters.com
Merle Baitey,28,F,mbaiteyc6@google.ru
Hillary McKain,20,M,hmckainc7@dell.com
Alfred Kleinbaum,59,M,akleinbaumc8@infoseek.co.jp
Crissy Lenz,95,M,clenzc9@cocolog-nifty.com
Rutherford Patise,80,F,rpatiseca@ovh.net
Janek O'Hagerty,76,F,johagertycb@simplemachines.org
Shepard Selliman,83,F,ssellimancc@ovh.net
Amii Stallan,47,F,astallancd@dyndns.org
Philbert Iori,76,M,piorice@baidu.com
Philip McKinless,75,F,pmckinlesscf@etsy.com
Kayle Scorton,97,M,kscortoncg@nasa.gov
Wilburt Scholer,55,F,wscholerch@nymag.com
Saudra Fison,83,M,sfisonci@deviantart.com
Julius Tewes,86,M,jtewescj@newsvine.com
Torin Foddy,93,F,tfoddyck@jiathis.com
Gael Van Dalen,94,M,gvancl@amazonaws.com
Wynnie Dany,80,M,wdanycm@twitter.com
Berrie Gilhool,34,F,bgilhoolcn@chronoengine.com
Jojo Kellen,87,F,jkellenco@spiegel.de
Violetta Castelow,32,M,vcastelowcp@intel.com
Dorothy Vaud,58,M,dvaudcq@yandex.ru
Kiele Allatt,37,F,kallattcr@imdb.com
Seamus Vicker,45,F,svickercs@ebay.com
Pavla Wakeling,41,F,pwakelingct@chicagotribune.com
Maurise Harbin,6,M,mharbincu@mtv.com
Garold Beavis,65,F,gbeaviscv@infoseek.co.jp
Chelsy Labarre,58,M,clabarrecw@uiuc.edu
Quintin Sandercroft,11,M,qsandercroftcx@amazon.co.jp
Chucho Raraty,75,M,craratycy@seesaa.net
Mavra Schutt,26,M,mschuttcz@ehow.com
Gayelord Rakes,33,M,grakesd0@shinystat.com
Wendeline Curzon,5,M,wcurzond1@w3.org
Cathy Sebyer,63,M,csebyerd2@cloudflare.com
Beth Kington,46,M,bkingtond3@cafepress.com
Phyllys Merrgen,62,F,pmerrgend4@yelp.com
Terencio Chittenden,17,M,tchittendend5@plala.or.jp
Dunstan Livzey,80,M,dlivzeyd6@washingtonpost.com
Marci Gamlen,74,F,mgamlend7@dailymotion.com
Kasper Peachey,26,F,kpeacheyd8@umich.edu
Maurizio Workman,95,M,mworkmand9@cargocollective.com
Arliene Khotler,69,F,akhotlerda@delicious.com
Cori De Paepe,31,M,cdedb@hugedomains.com
Sashenka Malatalant,71,F,smalatalantdc@phpbb.com
Malcolm Kerr,85,M,mkerrdd@twitter.com
Janith Stutte,82,M,jstuttede@imdb.com
Estrella Swafield,12,F,eswafielddf@youtube.com
Daune Cosely,97,F,dcoselydg@hud.gov
Aaron Marciskewski,20,M,amarciskewskidh@usa.gov
Reta Knoles,88,M,rknolesdi@psu.edu
Sharleen Prandi,92,F,sprandidj@about.me
Annora Dongall,73,F,adongalldk@about.com
Syman Reen,70,F,sreendl@hao123.com
Elliott MacGee,50,F,emacgeedm@mit.edu
Uri Wiggin,90,F,uwiggindn@joomla.org
Annadiane McKendo,87,F,amckendodo@hostgator.com
Merrie Fendlow,56,F,mfendlowdp@amazon.de
Claribel Mangenot,3,F,cmangenotdq@istockphoto.com
Drugi Mottram,69,M,dmottramdr@europa.eu
Aube Predohl,82,M,apredohlds@soundcloud.com
Halli Simonich,87,F,hsimonichdt@washingtonpost.com
Valdemar Cudihy,68,M,vcudihydu@disqus.com
Rhody Stapylton,92,F,rstapyltondv@networkadvertising.org
Jackie O'Donnelly,97,M,jodonnellydw@myspace.com
Audi Simione,74,M,asimionedx@amazon.de
Dacey Strafen,84,M,dstrafendy@hibu.com
Susette Kinny,42,F,skinnydz@independent.co.uk
Michal Allon,51,M,mallone0@geocities.com
Kassey Dorrins,36,M,kdorrinse1@ustream.tv
Kayne Dunkerley,17,M,kdunkerleye2@loc.gov
Marne Hedingham,30,F,mhedinghame3@theguardian.com
Celinka Stockton,35,F,cstocktone4@mlb.com
Jaquenetta Bleddon,100,F,jbleddone5@mozilla.org
Libbi Ivakhin,76,F,livakhine6@mediafire.com
Jerrie Worlock,25,F,jworlocke7@soundcloud.com
Garald Murrison,43,F,gmurrisone8@theguardian.com
Brande Dowthwaite,28,M,bdowthwaitee9@meetup.com
Mahala Peizer,100,M,mpeizerea@plala.or.jp
Codie Ragat,16,M,cragateb@dailymotion.com
Liesa Yukhnin,23,F,lyukhninec@stumbleupon.com
Obie Barron,9,F,obarroned@over-blog.com
Shel Heaphy,89,M,sheaphyee@icq.com
Kipp McInnerny,68,M,kmcinnernyef@bing.com
Korrie Depke,65,M,kdepkeeg@weibo.com
Maisie McIlharga,39,F,mmcilhargaeh@tmall.com
Ram Fardon,11,M,rfardonei@joomla.org
Clim Possek,81,F,cpossekej@ameblo.jp
Janenna Toma,40,M,jtomaek@whitehouse.gov
Ramon MacCafferky,92,M,rmaccafferkyel@cnbc.com
Gard Rosser,44,F,grosserem@prweb.com
Biddie Woolward,66,F,bwoolwarden@intel.com
Dido Grinyer,47,F,dgrinyereo@last.fm
Angus Dossantos,57,F,adossantosep@example.com
Ashlie Gartland,83,F,agartlandeq@nytimes.com
Caitrin Peidro,42,F,cpeidroer@cnet.com
Sue Drewes,24,F,sdreweses@weibo.com
Evangeline Dowse,85,M,edowseet@friendfeed.com
Pepi Cornillot,80,M,pcornilloteu@privacy.gov.au
Glennis Towe,80,M,gtoweev@nature.com
Horten Mohun,52,F,hmohunew@dion.ne.jp
Cindi McCormack,60,M,cmccormackex@ezinearticles.com
Nessie Lively,33,M,nlivelyey@google.com.br
Carmela Kohrt,51,M,ckohrtez@tinypic.com
Kamilah Bullon,27,M,kbullonf0@behance.net
Wilhelmine Blesdill,5,M,wblesdillf1@telegraph.co.uk
Baxy Dabnot,100,M,bdabnotf2@google.co.uk
Evania McCuish,54,F,emccuishf3@msu.edu
Bronson Bootton,55,M,bboottonf4@nationalgeographic.com
Arri Kahn,4,M,akahnf5@cornell.edu
Janaya Lightowler,1,F,jlightowlerf6@ft.com
Moshe Rabat,59,F,mrabatf7@fc2.com
Kippie Bettaney,20,M,kbettaneyf8@fda.gov
Ambros Cheley,53,M,acheleyf9@plala.or.jp
Viv Shields,86,F,vshieldsfa@statcounter.com
Nadine Yurocjhin,13,M,nyurocjhinfb@google.co.uk
Lucio Bener,37,F,lbenerfc@google.com.hk
Westbrook Duly,73,F,wdulyfd@shutterfly.com
Wolfgang Lavell,16,F,wlavellfe@g.co
Myra Pindred,4,F,mpindredff@paypal.com
Demetria Basnall,45,F,dbasnallfg@skyrock.com
Clevey Tuffin,55,F,ctuffinfh@ox.ac.uk
Morganica Emps,45,F,mempsfi@woothemes.com
Schuyler Kitchiner,51,M,skitchinerfj@bandcamp.com
Jamil Gisborne,55,F,jgisbornefk@who.int
Giacobo Margetts,91,F,gmargettsfl@hugedomains.com
Shalna Giral,32,F,sgiralfm@wix.com
Cullan Denys,6,F,cdenysfn@geocities.jp
D'arcy Emmet,51,F,demmetfo@yolasite.com
Maribeth Lyford,96,F,mlyfordfp@zimbio.com
Chico Doole,36,F,cdoolefq@cbsnews.com
Sebastien Standish-Brooks,32,F,sstandishbrooksfr@flickr.com
Vinnie Stoodley,30,F,vstoodleyfs@toplist.cz
Maggi Ouchterlony,74,F,mouchterlonyft@uol.com.br
Steffane Waryk,99,F,swarykfu@homestead.com
Queenie Newport,36,F,qnewportfv@china.com.cn
Brina Prangley,67,F,bprangleyfw@goo.ne.jp
Milli Shorbrook,42,F,mshorbrookfx@mapquest.com
Willem Haysman,84,F,whaysmanfy@aol.com
Tamara Warland,7,F,twarlandfz@usa.gov
Vern January,10,M,vjanuaryg0@symantec.com
Dyann Shepley,90,F,dshepleyg1@furl.net
Victoria Impey,11,M,vimpeyg2@miibeian.gov.cn
Nelli Brackpool,53,M,nbrackpoolg3@aol.com
Dory Willcot,13,M,dwillcotg4@simplemachines.org
Alexandra Ohms,68,F,aohmsg5@wordpress.org
Nani Duff,26,F,nduffg6@unc.edu
Jaquith Tine,79,M,jtineg7@netscape.com
Annabelle Harradence,10,F,aharradenceg8@ucla.edu
Athene Dodimead,23,M,adodimeadg9@cmu.edu
Tera Haszard,35,M,thaszardga@over-blog.com
Nikolos Jizhaki,92,M,njizhakigb@paginegialle.it
Roman Powis,56,F,rpowisgc@comsenz.com
Lauralee Gircke,45,F,lgirckegd@timesonline.co.uk
Maisie Saker,32,M,msakerge@cornell.edu
Linn Ceschini,73,F,lceschinigf@un.org
Peder Bielfeldt,99,M,pbielfeldtgg@businesswire.com
Joanne Noice,16,F,jnoicegh@springer.com
Boot Phin,58,M,bphingi@ebay.com
Liam Malyj,22,M,lmalyjgj@ibm.com
Nalani Gayne,10,F,ngaynegk@nationalgeographic.com
Field Cleminson,29,M,fcleminsongl@ed.gov
Hortense Ineson,11,F,hinesongm@jigsy.com
Valentino Fassum,63,F,vfassumgn@sun.com
Vite Ateggart,57,F,vateggartgo@examiner.com
Mattheus Sandifer,28,F,msandifergp@home.pl
Giulio Selland,60,M,gsellandgq@noaa.gov
Glen McQuaide,3,M,gmcquaidegr@mapquest.com
Spenser Ayscough,78,F,sayscoughgs@e-recht24.de
Neall Forber,53,M,nforbergt@aol.com
Amandie Cradock,62,M,acradockgu@newsvine.com
Elly Cope,95,M,ecopegv@g.co
Iona Francais,89,F,ifrancaisgw@joomla.org
Scarlet Towll,88,F,stowllgx@whitehouse.gov
Flemming Rosle,57,F,froslegy@latimes.com
Margi Ziemens,8,M,mziemensgz@storify.com
Aloisia Lyptrade,77,F,alyptradeh0@imgur.com
Mindy Christophle,34,M,mchristophleh1@loc.gov
Kissie Barnewille,42,F,kbarnewilleh2@china.com.cn
Cinderella Shrimpton,88,M,cshrimptonh3@hibu.com
Dolores McGill,80,F,dmcgillh4@ted.com
Marna Dacres,84,F,mdacresh5@auda.org.au
Mariann Windybank,40,F,mwindybankh6@google.com
Arley Dredge,22,F,adredgeh7@ovh.net
Fax Fownes,85,M,ffownesh8@squarespace.com
Ali Lurcock,37,M,alurcockh9@constantcontact.com
Cora Longthorne,58,F,clongthorneha@istockphoto.com
Lorianne Eddington,94,F,leddingtonhb@spiegel.de
Filippa Huddles,96,M,fhuddleshc@joomla.org
Mellisent de Vaen,12,F,mdehd@wix.com
Elberta Montfort,10,M,emontforthe@github.com
Agathe Maddy,91,M,amaddyhf@nba.com
Terrel Entres,98,M,tentreshg@auda.org.au
Armstrong Wigfall,61,M,awigfallhh@hp.com
Lavena Itskovitz,64,M,litskovitzhi@amazon.com
Lindon Belsher,49,F,lbelsherhj@goodreads.com
Thatcher Sisselot,96,F,tsisselothk@scribd.com
Teena Verner,99,M,tvernerhl@vinaora.com
Buckie Swinburn,35,M,bswinburnhm@nydailynews.com
Jerry Pixton,76,M,jpixtonhn@technorati.com
Hermia Glazer,18,M,hglazerho@icio.us
Felicle Ronan,65,M,fronanhp@usgs.gov
Cristabel Biggans,20,M,cbigganshq@globo.com
Cacilia Bardsley,8,F,cbardsleyhr@samsung.com
Hercule Edward,98,F,hedwardhs@liveinternet.ru
Timoteo Loidl,29,F,tloidlht@spiegel.de
Alleyn Lyon,3,F,alyonhu@answers.com
Enrichetta Covely,17,F,ecovelyhv@hexun.com
Edita Ashborn,34,M,eashbornhw@tumblr.com
Ives Lauritsen,3,F,ilauritsenhx@weebly.com
Donnell Burstowe,3,M,dburstowehy@wikipedia.org
Lida Giabuzzi,24,F,lgiabuzzihz@nyu.edu
Katha McMearty,70,F,kmcmeartyi0@pen.io
Maressa Gabriely,13,F,mgabrielyi1@lulu.com
Jillana Stienham,78,M,jstienhami2@example.com
Pearle Chieze,22,M,pchiezei3@vkontakte.ru
Tess Bartelet,62,M,tbarteleti4@e-recht24.de
Pren O' Sullivan,39,F,poi5@noaa.gov
Cherri Alwell,48,F,calwelli6@cnet.com
Fred Newart,28,M,fnewarti7@edublogs.org
Gertrude Bauduccio,51,F,gbauduccioi8@psu.edu
Kenn Vigors,54,F,kvigorsi9@gravatar.com
Starr Andraud,91,F,sandraudia@fotki.com
Townie Minney,97,M,tminneyib@nps.gov
Fielding Wilshere,54,F,fwilshereic@howstuffworks.com
Sarene Jellico,74,M,sjellicoid@quantcast.com
Aleen Atwell,83,F,aatwellie@blogs.com
Amby Eller,72,F,aellerif@bloglovin.com
Ogdon Tompion,85,M,otompionig@house.gov
Jaine Springham,31,M,jspringhamih@freewebs.com
Guilbert Forder,13,M,gforderii@wired.com
Trenton Kinton,30,F,tkintonij@amazon.co.uk
Molli Fadian,95,F,mfadianik@cnet.com
Shauna Seint,91,M,sseintil@yellowpages.com
Giusto Parcall,38,M,gparcallim@ebay.com
Matthus Charnock,67,F,mcharnockin@java.com
Henka Renahan,11,M,hrenahanio@sphinn.com
Shelli Dyshart,70,M,sdyshartip@apple.com
Grace Raynton,18,F,grayntoniq@who.int
Wes Arrault,56,F,warraultir@about.me
Dyanne Getsham,10,F,dgetshamis@oracle.com
Marline Burborough,49,F,mburboroughit@blogs.com
Darren Mainland,83,M,dmainlandiu@google.com
Donall O'Hickey,15,F,dohickeyiv@hexun.com
Pietrek Wisker,20,M,pwiskeriw@imgur.com
Isador Apedaile,54,F,iapedaileix@wordpress.com
Colly Mertin,3,F,cmertiniy@fc2.com
Basilius Shird,90,M,bshirdiz@mozilla.org
Nikoletta Gaudon,42,M,ngaudonj0@miitbeian.gov.cn
Hilario Berks,89,M,hberksj1@hugedomains.com
Francisca Solly,65,F,fsollyj2@engadget.com
Sabina Searles,22,M,ssearlesj3@1und1.de
Hymie Chessor,60,M,hchessorj4@addthis.com
Alma Gauge,38,M,agaugej5@list-manage.com
Tomkin Sinclair,7,F,tsinclairj6@joomla.org
Addi Fidell,60,F,afidellj7@narod.ru
Alys Van Der Weedenburg,5,F,avanj8@yandex.ru
Mae McGifford,9,F,mmcgiffordj9@hhs.gov
Rubina Calbert,67,M,rcalbertja@msn.com
Marcus Posner,22,F,mposnerjb@phoca.cz
Bambie Longmaid,42,M,blongmaidjc@hibu.com
Anastasie Keith,100,F,akeithjd@w3.org
Kelsey Midford,12,M,kmidfordje@fotki.com
Abramo Kwietak,10,F,akwietakjf@facebook.com
Fonsie Sweetzer,77,M,fsweetzerjg@ibm.com
Mallory Gillaspy,51,M,mgillaspyjh@wikimedia.org
Gregg Middas,81,F,gmiddasji@etsy.com
Keslie Shouler,30,M,kshoulerjj@time.com
Lonni Couves,6,M,lcouvesjk@fotki.com
Thaddeus Pinniger,41,F,tpinnigerjl@uol.com.br
Selig Herrema,61,F,sherremajm@answers.com
Brear Donizeau,98,F,bdonizeaujn@nbcnews.com
Tori Mayers,10,M,tmayersjo@youku.com
Betti Behnke,19,F,bbehnkejp@amazon.de
Liana Gallyon,92,M,lgallyonjq@skype.com
Emmalynn Damiral,100,F,edamiraljr@mediafire.com
Preston Lamperti,58,F,plampertijs@wikia.com
Agnella Deesly,18,F,adeeslyjt@1688.com
Sayres Wimbush,83,F,swimbushju@harvard.edu
Currie Jopling,17,F,cjoplingjv@dot.gov
Aguistin Potbury,2,M,apotburyjw@cisco.com
Nelson Masser,19,F,nmasserjx@stumbleupon.com
My MacFarlan,56,F,mmacfarlanjy@cmu.edu
Andriana Van der Hoven,73,M,avanjz@devhub.com
Amber Conford,47,M,aconfordk0@statcounter.com
Cyndi Cristobal,49,F,ccristobalk1@umich.edu
Arty Cocher,22,F,acocherk2@mapquest.com
Tobey Andriveau,74,M,tandriveauk3@gravatar.com
Urson Cleator,64,M,ucleatork4@phpbb.com
Lisbeth Carlson,45,F,lcarlsonk5@opensource.org
Paulo Hollibone,57,F,phollibonek6@gizmodo.com
Erroll Boutton,66,M,ebouttonk7@cpanel.net
Kelcie Shafe,77,F,kshafek8@ameblo.jp
Valery Bolzen,21,M,vbolzenk9@csmonitor.com
Gage Rubinowitsch,52,F,grubinowitschka@ovh.net
Devinne Bartoszek,17,F,dbartoszekkb@cdbaby.com
Raven Titterrell,85,M,rtitterrellkc@businesswire.com
Almeta Bouch,72,F,abouchkd@tuttocitta.it
Mandel Normaville,51,F,mnormavilleke@issuu.com
Joyann Yitzovitz,41,F,jyitzovitzkf@biblegateway.com
Lisle Vanezis,54,F,lvaneziskg@homestead.com
Mignonne Vasyutkin,25,F,mvasyutkinkh@goo.ne.jp
Carissa Harbison,24,F,charbisonki@livejournal.com
Kerwinn Knewstubb,25,M,kknewstubbkj@mac.com
Cariotta Rossborough,12,M,crossboroughkk@fema.gov
Tallie Davall,35,F,tdavallkl@soundcloud.com
Frankie Stonary,94,M,fstonarykm@angelfire.com
Georgeanna Ferrarese,97,F,gferraresekn@nasa.gov
Cam McGrail,70,M,cmcgrailko@jimdo.com
Horatius Goodridge,11,F,hgoodridgekp@sohu.com
Conant Odhams,72,M,codhamskq@stanford.edu
Sondra Ranscome,94,M,sranscomekr@bandcamp.com
Mercie Muzzall,70,M,mmuzzallks@amazon.com
Irvine Winchcombe,34,F,iwinchcombekt@prnewswire.com
Livvie Berrecloth,6,F,lberreclothku@google.nl
Hulda Pirelli,43,M,hpirellikv@bloomberg.com
Larissa Bocking,52,M,lbockingkw@etsy.com
Kiri Gulleford,7,F,kgullefordkx@weather.com
Ashia Darlington,64,M,adarlingtonky@acquirethisname.com
Mayer Fargher,30,M,mfargherkz@loc.gov
Delano Pagelsen,3,F,dpagelsenl0@privacy.gov.au
Stewart Auckland,10,M,saucklandl1@youku.com
Edgardo Mc Meekan,24,F,emcl2@smugmug.com
Phillipe Feyer,28,F,pfeyerl3@unc.edu
Melisa Creer,15,F,mcreerl4@businessweek.com
Fayina Turfus,65,F,fturfusl5@xrea.com
Lindi Mansfield,95,F,lmansfieldl6@buzzfeed.com
Josi Chellingworth,91,F,jchellingworthl7@npr.org
Lindie Stammirs,34,M,lstammirsl8@amazon.co.uk
Brynne Stithe,24,M,bstithel9@people.com.cn
Kippy Bourgeois,27,M,kbourgeoisla@nyu.edu
Barret Warrack,99,M,bwarracklb@netvibes.com
Somerset Brasner,46,F,sbrasnerlc@theglobeandmail.com
Roman Benitti,3,F,rbenittild@usgs.gov
Martelle Crichmere,65,F,mcrichmerele@miibeian.gov.cn
Hansiain Sackur,54,F,hsackurlf@hatena.ne.jp
Kettie Copozio,87,F,kcopoziolg@nhs.uk
Alain Toffler,68,F,atofflerlh@gnu.org
Gwenni Rix,98,F,grixli@unblog.fr
Dniren Duffit,83,F,dduffitlj@tiny.cc
Clark Basill,17,F,cbasilllk@pbs.org
Hughie Gisby,24,M,hgisbyll@blog.com
Arron Hamshere,69,M,ahamsherelm@tmall.com
Bennie Semper,46,F,bsemperln@cam.ac.uk
Erny Agronski,8,F,eagronskilo@google.fr
Antonino Kilgallen,35,F,akilgallenlp@google.cn
Abagail Jentet,15,F,ajentetlq@github.com
Rochelle Ramey,63,F,rrameylr@xinhuanet.com
Erek Mingotti,42,F,emingottils@toplist.cz
Alvira Marder,31,F,amarderlt@dropbox.com
Valeda Buy,74,F,vbuylu@who.int
Arleyne Haberfield,54,F,ahaberfieldlv@wisc.edu
Crysta Katte,47,F,ckattelw@xrea.com
Ricca Croot,20,M,rcrootlx@walmart.com
Hasty Tamas,24,F,htamasly@cisco.com
Lianna Bugby,48,M,lbugbylz@umich.edu
Essy Caulton,13,F,ecaultonm0@skyrock.com
Corliss Stannion,94,F,cstannionm1@buzzfeed.com
Doris Stratley,38,M,dstratleym2@jalbum.net
Marco Altree,59,M,maltreem3@hexun.com
Fania Spellard,62,M,fspellardm4@hc360.com
Fernande Vasechkin,40,F,fvasechkinm5@vk.com
Elihu Armsden,24,M,earmsdenm6@sitemeter.com
Judon Shapiro,77,F,jshapirom7@ycombinator.com
Shanta Laybourn,17,F,slaybournm8@businessinsider.com
Alexandro Farebrother,52,F,afarebrotherm9@nydailynews.com
Hannie Haxby,5,F,hhaxbyma@miitbeian.gov.cn
Lenka Lowey,100,M,lloweymb@miibeian.gov.cn
Fernandina Piscopiello,48,M,fpiscopiellomc@bloglines.com
Falkner Matashkin,81,F,fmatashkinmd@bing.com
Olimpia Enticknap,61,M,oenticknapme@techcrunch.com
Tove Drake,94,F,tdrakemf@umn.edu
Bard Zannuto,75,F,bzannutomg@loc.gov
Augusta Winscum,17,F,awinscummh@usgs.gov
Desmond Robatham,29,F,drobathammi@tinypic.com
Fulvia Mewton,77,M,fmewtonmj@dropbox.com
Brendis Windrum,52,F,bwindrummk@biglobe.ne.jp
Mada Goode,19,F,mgoodeml@trellian.com
Glyn Mathevon,58,F,gmathevonmm@examiner.com
Pearce Garfitt,80,M,pgarfittmn@msn.com
Ermentrude Emlyn,50,F,eemlynmo@instagram.com
Valentijn Mullany,6,F,vmullanymp@nhs.uk
Leeanne Youtead,64,F,lyouteadmq@google.co.jp
Mariejeanne Woodroof,34,M,mwoodroofmr@ibm.com
Edan Chasle,20,F,echaslems@google.de
April Preedy,92,M,apreedymt@prlog.org
Edee Poundesford,78,M,epoundesfordmu@cbc.ca
Koressa Kyberd,91,M,kkyberdmv@plala.or.jp
Charyl Conti,84,F,ccontimw@barnesandnoble.com
Joceline Itzcovichch,84,F,jitzcovichchmx@spiegel.de
Irma Mulliner,87,M,imullinermy@wp.com
Barrie Hurich,33,M,bhurichmz@addtoany.com
Sheela Molden,95,M,smoldenn0@skype.com
Brnaba Krabbe,60,F,bkrabben1@usda.gov
Conrad MacGraith,81,F,cmacgraithn2@ehow.com
Joceline MacGillicuddy,71,M,jmacgillicuddyn3@omniture.com
Erinna Cromwell,7,M,ecromwelln4@reference.com
Eunice Feria,5,M,eferian5@sfgate.com
Agace Joslin,84,F,ajoslinn6@unblog.fr
Reg Cavnor,41,M,rcavnorn7@npr.org
Avrom Maffini,22,F,amaffinin8@mapquest.com
Eldon Welfair,11,M,ewelfairn9@vistaprint.com
Jourdan Gaine,76,M,jgainena@opera.com
Hermione Brodeur,66,M,hbrodeurnb@yellowpages.com
Mina Rantoul,89,F,mrantoulnc@deliciousdays.com
Orran Carsey,48,M,ocarseynd@sina.com.cn
Ham Jakovijevic,51,M,hjakovijevicne@studiopress.com
Ches Ivankovic,89,M,civankovicnf@a8.net
Sheila-kathryn Cassely,35,F,scasselyng@vinaora.com
Michel Frame,93,M,mframenh@senate.gov
Angela Membry,72,M,amembryni@apple.com
Dietrich Goodrum,92,M,dgoodrumnj@webnode.com
Humfried Sottell,41,M,hsottellnk@sfgate.com
Fey Pineaux,79,F,fpineauxnl@sphinn.com
Dennet Jeves,85,M,djevesnm@chicagotribune.com
Emelita Nestle,23,F,enestlenn@multiply.com
Stacee Ludl,69,F,sludlno@goo.gl
Danni Neljes,77,M,dneljesnp@naver.com
Nil Gaiger,67,M,ngaigernq@tamu.edu
Elnora Scandrick,50,F,escandricknr@cafepress.com
Ermentrude Loughan,94,M,eloughanns@yellowbook.com
Karen Keen,99,F,kkeennt@zimbio.com
Danila Simonot,44,M,dsimonotnu@slashdot.org
Daphna Brownill,97,M,dbrownillnv@gov.uk
Arlyne Geffen,26,F,ageffennw@cdbaby.com
Roscoe Gribbins,83,M,rgribbinsnx@squidoo.com
Mareah Keavy,91,F,mkeavyny@washingtonpost.com
Desirae Blowne,100,M,dblownenz@cnet.com
Pietrek Scoggans,47,F,pscogganso0@tumblr.com
Hildagarde MacMaster,73,M,hmacmastero1@elpais.com
Antoinette Jiru,83,F,ajiruo2@reuters.com
Estrella Jardin,72,M,ejardino3@ustream.tv
Randene Wipfler,66,F,rwipflero4@hhs.gov
Stirling Swynfen,7,F,sswynfeno5@soup.io
Jarred Weepers,99,M,jweeperso6@sfgate.com
Corbet Mathes,31,F,cmatheso7@t-online.de
Gay Bretelle,10,M,gbretelleo8@pcworld.com
Aggi Ellaway,88,M,aellawayo9@un.org
Earle Breadon,1,F,ebreadonoa@opensource.org
Pail Buxcy,80,M,pbuxcyob@nsw.gov.au
Regen Penchen,11,M,rpenchenoc@apple.com
Diannne Jankovic,40,F,djankovicod@stumbleupon.com
Zabrina McGinley,15,F,zmcginleyoe@comsenz.com
Honey Burgwin,58,F,hburgwinof@dion.ne.jp
Merline Jillitt,1,M,mjillittog@sogou.com
Jedidiah Beckers,36,M,jbeckersoh@freewebs.com
Corrie Bonifazio,100,F,cbonifaziooi@reverbnation.com
Steffi Bruggen,54,F,sbruggenoj@hugedomains.com
Tully Scorton,26,F,tscortonok@delicious.com
Chrystel Sancto,45,M,csanctool@wired.com
Dalia Millberg,74,F,dmillbergom@linkedin.com
Gav Fluger,89,F,gflugeron@msn.com
Edmund Phipard-Shears,66,M,ephipardshearsoo@google.pl
Shelley Willoughley,2,F,swilloughleyop@amazon.de
Humphrey Dulinty,50,F,hdulintyoq@timesonline.co.uk
Gwennie Slopier,74,F,gslopieror@shinystat.com
Roderick Janjusevic,88,F,rjanjusevicos@jigsy.com
Teddie Lamburne,21,F,tlamburneot@clickbank.net
Otis Tunna,48,M,otunnaou@cocolog-nifty.com
Darsey Dermott,10,M,ddermottov@addthis.com
Alexandrina Windibank,24,F,awindibankow@bluehost.com
Nola McCleary,48,F,nmcclearyox@scientificamerican.com
Jenine Mandres,12,M,jmandresoy@yandex.ru
Paulie Tabor,63,M,ptaboroz@reverbnation.com
Washington Loukes,3,F,wloukesp0@dell.com
Temple Mosdall,33,F,tmosdallp1@cyberchimps.com
Ira Davidovsky,34,F,idavidovskyp2@ucsd.edu
Dannie McEvoy,57,M,dmcevoyp3@sfgate.com
Liesa Chaytor,15,M,lchaytorp4@qq.com
Dieter Arnull,32,F,darnullp5@printfriendly.com
Tait Beebis,56,M,tbeebisp6@symantec.com
Helenelizabeth Keggin,22,F,hkegginp7@xrea.com
Catrina Giametti,97,F,cgiamettip8@dell.com
Allie Yann,40,M,ayannp9@qq.com
Con Lepoidevin,100,F,clepoidevinpa@nba.com
Augy Fontaine,28,M,afontainepb@newyorker.com
Jedediah Nairn,43,F,jnairnpc@timesonline.co.uk
Crissie Meek,76,F,cmeekpd@prnewswire.com
Jemimah Innett,76,F,jinnettpe@cpanel.net
Krystyna Hamber,44,F,khamberpf@reuters.com
Regina Tremmil,68,F,rtremmilpg@cisco.com
Carilyn Probat,59,M,cprobatph@privacy.gov.au
Berk Eilles,33,M,beillespi@yale.edu
Kikelia O'Ferris,16,F,koferrispj@nasa.gov
Del Wilce,82,M,dwilcepk@eventbrite.com
Ernesta Falla,5,M,efallapl@blogs.com
Valeda Damrel,91,F,vdamrelpm@walmart.com
Liam Madigan,37,M,lmadiganpn@dropbox.com
Pearla Mollen,85,M,pmollenpo@ed.gov
Rosalinde Grigorescu,25,F,rgrigorescupp@mtv.com
Giffard Novak,59,F,gnovakpq@taobao.com
Chastity Danielski,72,M,cdanielskipr@soup.io
Joanne Allmark,40,M,jallmarkps@de.vu
Hugues Revance,65,M,hrevancept@hostgator.com
Merilyn Matzke,89,F,mmatzkepu@ox.ac.uk
Durand Sesser,46,M,dsesserpv@mac.com
Rori Alenshev,20,F,ralenshevpw@wikipedia.org
Lemar Chiene,70,F,lchienepx@goo.gl
Danyette Rustidge,58,F,drustidgepy@yahoo.co.jp
Marmaduke Cough,31,F,mcoughpz@nps.gov
Robbie Ellerman,73,F,rellermanq0@chronoengine.com
Dave Gladdish,94,F,dgladdishq1@gnu.org
Ingrim Hackworth,80,M,ihackworthq2@army.mil
Lauren Blondelle,99,M,lblondelleq3@mayoclinic.com
Arnoldo Blanchette,52,M,ablanchetteq4@meetup.com
Kalvin Blamires,71,M,kblamiresq5@moonfruit.com
Keith Antoniat,64,M,kantoniatq6@ucla.edu
Purcell Torald,86,M,ptoraldq7@ox.ac.uk
Saunders Latehouse,64,F,slatehouseq8@tripod.com
Raffaello Bernardotti,74,M,rbernardottiq9@yale.edu
Erina Sinkins,43,M,esinkinsqa@constantcontact.com
Tobin Rosbotham,94,M,trosbothamqb@newyorker.com
Gayler Van Hesteren,60,M,gvanqc@imageshack.us
Emily Hawkett,48,F,ehawkettqd@oakley.com
Birgitta Medina,33,M,bmedinaqe@networkadvertising.org
Yasmin Tweed,29,F,ytweedqf@google.com
Yolanda Brooking,20,F,ybrookingqg@ehow.com
Elset Shilvock,57,M,eshilvockqh@ustream.tv
Diahann Grimsdyke,5,F,dgrimsdykeqi@amazon.com
Corey Lawlee,1,M,clawleeqj@google.nl
Ardelis Kibbe,59,M,akibbeqk@shinystat.com
Marget Grzelczak,83,M,mgrzelczakql@topsy.com
Joane Harriman,43,M,jharrimanqm@pen.io
Katy Orris,99,F,korrisqn@twitter.com
Ximenez Charopen,40,M,xcharopenqo@wordpress.com
Erhart Stockley,82,M,estockleyqp@amazonaws.com
Onida Gipps,34,F,ogippsqq@hexun.com
Casper Hegden,92,F,chegdenqr@odnoklassniki.ru
Ricki Buttrick,87,F,rbuttrickqs@yellowbook.com
Leda Marcu,14,M,lmarcuqt@ox.ac.uk
Rhodie Czaple,61,M,rczaplequ@umich.edu
Rooney Labram,82,M,rlabramqv@technorati.com
Cami Joseff,73,F,cjoseffqw@globo.com
Shawn Jobes,38,M,sjobesqx@purevolume.com
Jessee Paull,62,F,jpaullqy@blinklist.com
Pietra Espinheira,68,F,pespinheiraqz@ebay.com
Valentina Bethune,15,F,vbethuner0@ezinearticles.com
Shelly Sones,84,F,ssonesr1@barnesandnoble.com
Myranda Kantor,51,F,mkantorr2@ft.com
Tootsie Gerin,21,F,tgerinr3@smugmug.com
Winthrop Fadden,48,F,wfaddenr4@tmall.com
Tammara Hanratty,10,M,thanrattyr5@nytimes.com
Bradford Dorrington,88,F,bdorringtonr6@europa.eu
Devinne Desforges,49,M,ddesforgesr7@dedecms.com
Waneta Fish,8,M,wfishr8@ow.ly
Madge Bonas,23,M,mbonasr9@dailymail.co.uk
Wilie Anthoine,40,F,wanthoinera@squidoo.com
Mead Ownsworth,25,F,mownsworthrb@dmoz.org
Emmeline Gater,95,M,egaterrc@merriam-webster.com
Silvester Blackhurst,88,M,sblackhurstrd@ucsd.edu
Earl Kingscott,76,F,ekingscottre@elpais.com
Pearl Emer,61,M,pemerrf@huffingtonpost.com
Dyana Tomich,40,F,dtomichrg@amazon.co.uk
Joannes Macken,67,F,jmackenrh@lulu.com
Roseanne Michiel,45,M,rmichielri@washingtonpost.com
Gaultiero McAless,70,M,gmcalessrj@admin.ch
Stan Dunbabin,28,M,sdunbabinrk@reference.com
Budd Heathwood,38,F,bheathwoodrl@phoca.cz
Papageno Collymore,50,F,pcollymorerm@forbes.com
Leontine Warrilow,69,F,lwarrilowrn@deliciousdays.com
Hana Seaborne,28,M,hseabornero@yolasite.com
Noby Thome,78,M,nthomerp@networkadvertising.org
Zelig Wisedale,38,F,zwisedalerq@ustream.tv
Darrelle Martinolli,36,F,dmartinollirr@barnesandnoble.com
